name,index,attribute1,attribute2,attribute3,attribute4,attribute5,example attribute hat,attribute etc..,image
Golf Punk 105-1,0,,,,,,blue hat,,https://golf-punks.s3.amazonaws.com/images/Golf Punk 105-1.png
Golf Punk 105-10,1,,,,,,blue hat,,https://golf-punks.s3.amazonaws.com/images/Golf Punk 105-10.png
Golf Punk 105-11,2,,,,,,blue hat,,https://golf-punks.s3.amazonaws.com/images/Golf Punk 105-11.png
Golf Punk 105-12,3,,,,,,green hat,,https://golf-punks.s3.amazonaws.com/images/Golf Punk 105-12.png
Golf Punk 105-13,4,,,,,,blue hat,,https://golf-punks.s3.amazonaws.com/images/Golf Punk 105-13.png
Golf Punk 105-14,5,,,,,,green hat,,https://golf-punks.s3.amazonaws.com/images/Golf Punk 105-14.png
Golf Punk 105-2,6,,,,,,green hat,,https://golf-punks.s3.amazonaws.com/images/Golf Punk 105-2.png
Golf Punk 105-3,7,,,,,,green hat,,https://golf-punks.s3.amazonaws.com/images/Golf Punk 105-3.png
Golf Punk 105-4,8,,,,,,green hat,,https://golf-punks.s3.amazonaws.com/images/Golf Punk 105-4.png
Golf Punk 105-5,9,,,,,,green hat,,https://golf-punks.s3.amazonaws.com/images/Golf Punk 105-5.png
Golf Punk 105-6,10,,,,,,green hat,,https://golf-punks.s3.amazonaws.com/images/Golf Punk 105-6.png
Golf Punk 105-7,11,,,,,,blue hat,,https://golf-punks.s3.amazonaws.com/images/Golf Punk 105-7.png
Golf Punk 105-8,12,,,,,,blue hat,,https://golf-punks.s3.amazonaws.com/images/Golf Punk 105-8.png
Golf Punk 105-9,13,,,,,,green hat,,https://golf-punks.s3.amazonaws.com/images/Golf Punk 105-9.png
Golf Punk 105,14,,,,,,blue hat,,https://golf-punks.s3.amazonaws.com/images/Golf Punk 105.png
Golf Punk 106-1,15,,,,,,green hat,,https://golf-punks.s3.amazonaws.com/images/Golf Punk 106-1.png
Golf Punk 106-10,16,,,,,,green hat,,https://golf-punks.s3.amazonaws.com/images/Golf Punk 106-10.png
Golf Punk 106-11,17,,,,,,green hat,,https://golf-punks.s3.amazonaws.com/images/Golf Punk 106-11.png
Golf Punk 106-12,18,,,,,,blue hat,,https://golf-punks.s3.amazonaws.com/images/Golf Punk 106-12.png
Golf Punk 106-13,19,,,,,,blue hat,,https://golf-punks.s3.amazonaws.com/images/Golf Punk 106-13.png
Golf Punk 106-14,20,,,,,,blue hat,,https://golf-punks.s3.amazonaws.com/images/Golf Punk 106-14.png
Golf Punk 106-15,21,,,,,,blue hat,,https://golf-punks.s3.amazonaws.com/images/Golf Punk 106-15.png
Golf Punk 106-16,22,,,,,,blue hat,,https://golf-punks.s3.amazonaws.com/images/Golf Punk 106-16.png
Golf Punk 106-17,23,,,,,,blue hat,,https://golf-punks.s3.amazonaws.com/images/Golf Punk 106-17.png
Golf Punk 106-18,24,,,,,,green hat,,https://golf-punks.s3.amazonaws.com/images/Golf Punk 106-18.png
Golf Punk 106-19,25,,,,,,blue hat,,https://golf-punks.s3.amazonaws.com/images/Golf Punk 106-19.png
Golf Punk 106-2,26,,,,,,blue hat,,https://golf-punks.s3.amazonaws.com/images/Golf Punk 106-2.png
Golf Punk 106-20,27,,,,,,green hat,,https://golf-punks.s3.amazonaws.com/images/Golf Punk 106-20.png
Golf Punk 106-21,28,,,,,,green hat,,https://golf-punks.s3.amazonaws.com/images/Golf Punk 106-21.png
Golf Punk 106-22,29,,,,,,blue hat,,https://golf-punks.s3.amazonaws.com/images/Golf Punk 106-22.png
Golf Punk 106-23,30,,,,,,green hat,,https://golf-punks.s3.amazonaws.com/images/Golf Punk 106-23.png
Golf Punk 106-24,31,,,,,,blue hat,,https://golf-punks.s3.amazonaws.com/images/Golf Punk 106-24.png
Golf Punk 106-25,32,,,,,,green hat,,https://golf-punks.s3.amazonaws.com/images/Golf Punk 106-25.png
Golf Punk 106-26,33,,,,,,green hat,,https://golf-punks.s3.amazonaws.com/images/Golf Punk 106-26.png
Golf Punk 106-27,34,,,,,,blue hat,,https://golf-punks.s3.amazonaws.com/images/Golf Punk 106-27.png
Golf Punk 106-28,35,,,,,,green hat,,https://golf-punks.s3.amazonaws.com/images/Golf Punk 106-28.png
Golf Punk 106-29,36,,,,,,blue hat,,https://golf-punks.s3.amazonaws.com/images/Golf Punk 106-29.png
Golf Punk 106-3,37,,,,,,blue hat,,https://golf-punks.s3.amazonaws.com/images/Golf Punk 106-3.png
Golf Punk 106-30,38,,,,,,green hat,,https://golf-punks.s3.amazonaws.com/images/Golf Punk 106-30.png
Golf Punk 106-31,39,,,,,,blue hat,,https://golf-punks.s3.amazonaws.com/images/Golf Punk 106-31.png
Golf Punk 106-32,40,,,,,,blue hat,,https://golf-punks.s3.amazonaws.com/images/Golf Punk 106-32.png
Golf Punk 106-33,41,,,,,,blue hat,,https://golf-punks.s3.amazonaws.com/images/Golf Punk 106-33.png
Golf Punk 106-34,42,,,,,,blue hat,,https://golf-punks.s3.amazonaws.com/images/Golf Punk 106-34.png
Golf Punk 106-35,43,,,,,,blue hat,,https://golf-punks.s3.amazonaws.com/images/Golf Punk 106-35.png
Golf Punk 106-36,44,,,,,,green hat,,https://golf-punks.s3.amazonaws.com/images/Golf Punk 106-36.png
Golf Punk 106-37,45,,,,,,blue hat,,https://golf-punks.s3.amazonaws.com/images/Golf Punk 106-37.png
Golf Punk 106-38,46,,,,,,blue hat,,https://golf-punks.s3.amazonaws.com/images/Golf Punk 106-38.png
Golf Punk 106-39,47,,,,,,blue hat,,https://golf-punks.s3.amazonaws.com/images/Golf Punk 106-39.png
Golf Punk 106-4,48,,,,,,blue hat,,https://golf-punks.s3.amazonaws.com/images/Golf Punk 106-4.png
Golf Punk 106-40,49,,,,,,green hat,,https://golf-punks.s3.amazonaws.com/images/Golf Punk 106-40.png
Golf Punk 106-5,50,,,,,,blue hat,,https://golf-punks.s3.amazonaws.com/images/Golf Punk 106-5.png
Golf Punk 106-6,51,,,,,,green hat,,https://golf-punks.s3.amazonaws.com/images/Golf Punk 106-6.png
Golf Punk 106-7,52,,,,,,blue hat,,https://golf-punks.s3.amazonaws.com/images/Golf Punk 106-7.png
Golf Punk 106-8,53,,,,,,blue hat,,https://golf-punks.s3.amazonaws.com/images/Golf Punk 106-8.png
Golf Punk 106-9,54,,,,,,green hat,,https://golf-punks.s3.amazonaws.com/images/Golf Punk 106-9.png
Golf Punk 106,55,,,,,,green hat,,https://golf-punks.s3.amazonaws.com/images/Golf Punk 106.png
Golf Punk 110-1,56,,,,,,green hat,,https://golf-punks.s3.amazonaws.com/images/Golf Punk 110-1.png
Golf Punk 110-10,57,,,,,,green hat,,https://golf-punks.s3.amazonaws.com/images/Golf Punk 110-10.png
Golf Punk 110-11,58,,,,,,blue hat,,https://golf-punks.s3.amazonaws.com/images/Golf Punk 110-11.png
Golf Punk 110-12,59,,,,,,green hat,,https://golf-punks.s3.amazonaws.com/images/Golf Punk 110-12.png
Golf Punk 110-13,60,,,,,,blue hat,,https://golf-punks.s3.amazonaws.com/images/Golf Punk 110-13.png
Golf Punk 110-14,61,,,,,,blue hat,,https://golf-punks.s3.amazonaws.com/images/Golf Punk 110-14.png
Golf Punk 110-15,62,,,,,,blue hat,,https://golf-punks.s3.amazonaws.com/images/Golf Punk 110-15.png
Golf Punk 110-16,63,,,,,,blue hat,,https://golf-punks.s3.amazonaws.com/images/Golf Punk 110-16.png
Golf Punk 110-17,64,,,,,,blue hat,,https://golf-punks.s3.amazonaws.com/images/Golf Punk 110-17.png
Golf Punk 110-18,65,,,,,,blue hat,,https://golf-punks.s3.amazonaws.com/images/Golf Punk 110-18.png
Golf Punk 110-19,66,,,,,,green hat,,https://golf-punks.s3.amazonaws.com/images/Golf Punk 110-19.png
Golf Punk 110-2,67,,,,,,blue hat,,https://golf-punks.s3.amazonaws.com/images/Golf Punk 110-2.png
Golf Punk 110-20,68,,,,,,blue hat,,https://golf-punks.s3.amazonaws.com/images/Golf Punk 110-20.png
Golf Punk 110-21,69,,,,,,green hat,,https://golf-punks.s3.amazonaws.com/images/Golf Punk 110-21.png
Golf Punk 110-22,70,,,,,,green hat,,https://golf-punks.s3.amazonaws.com/images/Golf Punk 110-22.png
Golf Punk 110-23,71,,,,,,green hat,,https://golf-punks.s3.amazonaws.com/images/Golf Punk 110-23.png
Golf Punk 110-24,72,,,,,,blue hat,,https://golf-punks.s3.amazonaws.com/images/Golf Punk 110-24.png
Golf Punk 110-25,73,,,,,,blue hat,,https://golf-punks.s3.amazonaws.com/images/Golf Punk 110-25.png
Golf Punk 110-26,74,,,,,,blue hat,,https://golf-punks.s3.amazonaws.com/images/Golf Punk 110-26.png
Golf Punk 110-27,75,,,,,,blue hat,,https://golf-punks.s3.amazonaws.com/images/Golf Punk 110-27.png
Golf Punk 110-28,76,,,,,,green hat,,https://golf-punks.s3.amazonaws.com/images/Golf Punk 110-28.png
Golf Punk 110-29,77,,,,,,green hat,,https://golf-punks.s3.amazonaws.com/images/Golf Punk 110-29.png
Golf Punk 110-3,78,,,,,,blue hat,,https://golf-punks.s3.amazonaws.com/images/Golf Punk 110-3.png
Golf Punk 110-30,79,,,,,,blue hat,,https://golf-punks.s3.amazonaws.com/images/Golf Punk 110-30.png
Golf Punk 110-31,80,,,,,,blue hat,,https://golf-punks.s3.amazonaws.com/images/Golf Punk 110-31.png
Golf Punk 110-32,81,,,,,,blue hat,,https://golf-punks.s3.amazonaws.com/images/Golf Punk 110-32.png
Golf Punk 110-33,82,,,,,,green hat,,https://golf-punks.s3.amazonaws.com/images/Golf Punk 110-33.png
Golf Punk 110-34,83,,,,,,green hat,,https://golf-punks.s3.amazonaws.com/images/Golf Punk 110-34.png
Golf Punk 110-35,84,,,,,,blue hat,,https://golf-punks.s3.amazonaws.com/images/Golf Punk 110-35.png
Golf Punk 110-36,85,,,,,,green hat,,https://golf-punks.s3.amazonaws.com/images/Golf Punk 110-36.png
Golf Punk 110-37,86,,,,,,green hat,,https://golf-punks.s3.amazonaws.com/images/Golf Punk 110-37.png
Golf Punk 110-38,87,,,,,,green hat,,https://golf-punks.s3.amazonaws.com/images/Golf Punk 110-38.png
Golf Punk 110-39,88,,,,,,green hat,,https://golf-punks.s3.amazonaws.com/images/Golf Punk 110-39.png
Golf Punk 110-4,89,,,,,,green hat,,https://golf-punks.s3.amazonaws.com/images/Golf Punk 110-4.png
Golf Punk 110-40,90,,,,,,blue hat,,https://golf-punks.s3.amazonaws.com/images/Golf Punk 110-40.png
Golf Punk 110-41,91,,,,,,blue hat,,https://golf-punks.s3.amazonaws.com/images/Golf Punk 110-41.png
Golf Punk 110-42,92,,,,,,blue hat,,https://golf-punks.s3.amazonaws.com/images/Golf Punk 110-42.png
Golf Punk 110-43,93,,,,,,blue hat,,https://golf-punks.s3.amazonaws.com/images/Golf Punk 110-43.png
Golf Punk 110-44,94,,,,,,blue hat,,https://golf-punks.s3.amazonaws.com/images/Golf Punk 110-44.png
Golf Punk 110-45,95,,,,,,green hat,,https://golf-punks.s3.amazonaws.com/images/Golf Punk 110-45.png
Golf Punk 110-46,96,,,,,,blue hat,,https://golf-punks.s3.amazonaws.com/images/Golf Punk 110-46.png
Golf Punk 110-47,97,,,,,,green hat,,https://golf-punks.s3.amazonaws.com/images/Golf Punk 110-47.png
Golf Punk 110-48,98,,,,,,blue hat,,https://golf-punks.s3.amazonaws.com/images/Golf Punk 110-48.png
Golf Punk 110-49,99,,,,,,blue hat,,https://golf-punks.s3.amazonaws.com/images/Golf Punk 110-49.png
Golf Punk 110-5,100,,,,,,blue hat,,https://golf-punks.s3.amazonaws.com/images/Golf Punk 110-5.png
Golf Punk 110-50,101,,,,,,blue hat,,https://golf-punks.s3.amazonaws.com/images/Golf Punk 110-50.png
Golf Punk 110-51,102,,,,,,green hat,,https://golf-punks.s3.amazonaws.com/images/Golf Punk 110-51.png
Golf Punk 110-52,103,,,,,,blue hat,,https://golf-punks.s3.amazonaws.com/images/Golf Punk 110-52.png
Golf Punk 110-53,104,,,,,,blue hat,,https://golf-punks.s3.amazonaws.com/images/Golf Punk 110-53.png
Golf Punk 110-54,105,,,,,,green hat,,https://golf-punks.s3.amazonaws.com/images/Golf Punk 110-54.png
Golf Punk 110-55,106,,,,,,blue hat,,https://golf-punks.s3.amazonaws.com/images/Golf Punk 110-55.png
Golf Punk 110-56,107,,,,,,blue hat,,https://golf-punks.s3.amazonaws.com/images/Golf Punk 110-56.png
Golf Punk 110-57,108,,,,,,blue hat,,https://golf-punks.s3.amazonaws.com/images/Golf Punk 110-57.png
Golf Punk 110-58,109,,,,,,blue hat,,https://golf-punks.s3.amazonaws.com/images/Golf Punk 110-58.png
Golf Punk 110-59,110,,,,,,green hat,,https://golf-punks.s3.amazonaws.com/images/Golf Punk 110-59.png
Golf Punk 110-6,111,,,,,,green hat,,https://golf-punks.s3.amazonaws.com/images/Golf Punk 110-6.png
Golf Punk 110-60,112,,,,,,blue hat,,https://golf-punks.s3.amazonaws.com/images/Golf Punk 110-60.png
Golf Punk 110-61,113,,,,,,blue hat,,https://golf-punks.s3.amazonaws.com/images/Golf Punk 110-61.png
Golf Punk 110-62,114,,,,,,blue hat,,https://golf-punks.s3.amazonaws.com/images/Golf Punk 110-62.png
Golf Punk 110-63,115,,,,,,green hat,,https://golf-punks.s3.amazonaws.com/images/Golf Punk 110-63.png
Golf Punk 110-64,116,,,,,,blue hat,,https://golf-punks.s3.amazonaws.com/images/Golf Punk 110-64.png
Golf Punk 110-65,117,,,,,,green hat,,https://golf-punks.s3.amazonaws.com/images/Golf Punk 110-65.png
Golf Punk 110-66,118,,,,,,green hat,,https://golf-punks.s3.amazonaws.com/images/Golf Punk 110-66.png
Golf Punk 110-67,119,,,,,,blue hat,,https://golf-punks.s3.amazonaws.com/images/Golf Punk 110-67.png
Golf Punk 110-68,120,,,,,,blue hat,,https://golf-punks.s3.amazonaws.com/images/Golf Punk 110-68.png
Golf Punk 110-69,121,,,,,,blue hat,,https://golf-punks.s3.amazonaws.com/images/Golf Punk 110-69.png
Golf Punk 110-7,122,,,,,,green hat,,https://golf-punks.s3.amazonaws.com/images/Golf Punk 110-7.png
Golf Punk 110-70,123,,,,,,blue hat,,https://golf-punks.s3.amazonaws.com/images/Golf Punk 110-70.png
Golf Punk 110-71,124,,,,,,green hat,,https://golf-punks.s3.amazonaws.com/images/Golf Punk 110-71.png
Golf Punk 110-72,125,,,,,,green hat,,https://golf-punks.s3.amazonaws.com/images/Golf Punk 110-72.png
Golf Punk 110-73,126,,,,,,blue hat,,https://golf-punks.s3.amazonaws.com/images/Golf Punk 110-73.png
Golf Punk 110-74,127,,,,,,green hat,,https://golf-punks.s3.amazonaws.com/images/Golf Punk 110-74.png
Golf Punk 110-8,128,,,,,,blue hat,,https://golf-punks.s3.amazonaws.com/images/Golf Punk 110-8.png
Golf Punk 110-9,129,,,,,,green hat,,https://golf-punks.s3.amazonaws.com/images/Golf Punk 110-9.png
Golf Punk 110,130,,,,,,green hat,,https://golf-punks.s3.amazonaws.com/images/Golf Punk 110.png
Golf Punk 111-1,131,,,,,,blue hat,,https://golf-punks.s3.amazonaws.com/images/Golf Punk 111-1.png
Golf Punk 111-2,132,,,,,,green hat,,https://golf-punks.s3.amazonaws.com/images/Golf Punk 111-2.png
Golf Punk 111-3,133,,,,,,blue hat,,https://golf-punks.s3.amazonaws.com/images/Golf Punk 111-3.png
Golf Punk 111-4,134,,,,,,blue hat,,https://golf-punks.s3.amazonaws.com/images/Golf Punk 111-4.png
Golf Punk 111-5,135,,,,,,green hat,,https://golf-punks.s3.amazonaws.com/images/Golf Punk 111-5.png
Golf Punk 111-6,136,,,,,,blue hat,,https://golf-punks.s3.amazonaws.com/images/Golf Punk 111-6.png
Golf Punk 111-7,137,,,,,,blue hat,,https://golf-punks.s3.amazonaws.com/images/Golf Punk 111-7.png
Golf Punk 111,138,,,,,,blue hat,,https://golf-punks.s3.amazonaws.com/images/Golf Punk 111.png
Golf Punk 12-1,139,,,,,,green hat,,https://golf-punks.s3.amazonaws.com/images/Golf Punk 12-1.png
Golf Punk 12-10,140,,,,,,green hat,,https://golf-punks.s3.amazonaws.com/images/Golf Punk 12-10.png
Golf Punk 12-11,141,,,,,,blue hat,,https://golf-punks.s3.amazonaws.com/images/Golf Punk 12-11.png
Golf Punk 12-12,142,,,,,,blue hat,,https://golf-punks.s3.amazonaws.com/images/Golf Punk 12-12.png
Golf Punk 12-13,143,,,,,,blue hat,,https://golf-punks.s3.amazonaws.com/images/Golf Punk 12-13.png
Golf Punk 12-14,144,,,,,,blue hat,,https://golf-punks.s3.amazonaws.com/images/Golf Punk 12-14.png
Golf Punk 12-15,145,,,,,,green hat,,https://golf-punks.s3.amazonaws.com/images/Golf Punk 12-15.png
Golf Punk 12-16,146,,,,,,green hat,,https://golf-punks.s3.amazonaws.com/images/Golf Punk 12-16.png
Golf Punk 12-17,147,,,,,,blue hat,,https://golf-punks.s3.amazonaws.com/images/Golf Punk 12-17.png
Golf Punk 12-18,148,,,,,,blue hat,,https://golf-punks.s3.amazonaws.com/images/Golf Punk 12-18.png
Golf Punk 12-19,149,,,,,,green hat,,https://golf-punks.s3.amazonaws.com/images/Golf Punk 12-19.png
Golf Punk 12-2,150,,,,,,blue hat,,https://golf-punks.s3.amazonaws.com/images/Golf Punk 12-2.png
Golf Punk 12-20,151,,,,,,blue hat,,https://golf-punks.s3.amazonaws.com/images/Golf Punk 12-20.png
Golf Punk 12-21,152,,,,,,green hat,,https://golf-punks.s3.amazonaws.com/images/Golf Punk 12-21.png
Golf Punk 12-22,153,,,,,,green hat,,https://golf-punks.s3.amazonaws.com/images/Golf Punk 12-22.png
Golf Punk 12-23,154,,,,,,green hat,,https://golf-punks.s3.amazonaws.com/images/Golf Punk 12-23.png
Golf Punk 12-24,155,,,,,,green hat,,https://golf-punks.s3.amazonaws.com/images/Golf Punk 12-24.png
Golf Punk 12-25,156,,,,,,blue hat,,https://golf-punks.s3.amazonaws.com/images/Golf Punk 12-25.png
Golf Punk 12-26,157,,,,,,blue hat,,https://golf-punks.s3.amazonaws.com/images/Golf Punk 12-26.png
Golf Punk 12-27,158,,,,,,blue hat,,https://golf-punks.s3.amazonaws.com/images/Golf Punk 12-27.png
Golf Punk 12-28,159,,,,,,green hat,,https://golf-punks.s3.amazonaws.com/images/Golf Punk 12-28.png
Golf Punk 12-29,160,,,,,,blue hat,,https://golf-punks.s3.amazonaws.com/images/Golf Punk 12-29.png
Golf Punk 12-3,161,,,,,,green hat,,https://golf-punks.s3.amazonaws.com/images/Golf Punk 12-3.png
Golf Punk 12-30,162,,,,,,blue hat,,https://golf-punks.s3.amazonaws.com/images/Golf Punk 12-30.png
Golf Punk 12-31,163,,,,,,green hat,,https://golf-punks.s3.amazonaws.com/images/Golf Punk 12-31.png
Golf Punk 12-32,164,,,,,,blue hat,,https://golf-punks.s3.amazonaws.com/images/Golf Punk 12-32.png
Golf Punk 12-33,165,,,,,,blue hat,,https://golf-punks.s3.amazonaws.com/images/Golf Punk 12-33.png
Golf Punk 12-34,166,,,,,,green hat,,https://golf-punks.s3.amazonaws.com/images/Golf Punk 12-34.png
Golf Punk 12-35,167,,,,,,blue hat,,https://golf-punks.s3.amazonaws.com/images/Golf Punk 12-35.png
Golf Punk 12-36,168,,,,,,green hat,,https://golf-punks.s3.amazonaws.com/images/Golf Punk 12-36.png
Golf Punk 12-37,169,,,,,,green hat,,https://golf-punks.s3.amazonaws.com/images/Golf Punk 12-37.png
Golf Punk 12-38,170,,,,,,green hat,,https://golf-punks.s3.amazonaws.com/images/Golf Punk 12-38.png
Golf Punk 12-39,171,,,,,,green hat,,https://golf-punks.s3.amazonaws.com/images/Golf Punk 12-39.png
Golf Punk 12-4,172,,,,,,blue hat,,https://golf-punks.s3.amazonaws.com/images/Golf Punk 12-4.png
Golf Punk 12-40,173,,,,,,blue hat,,https://golf-punks.s3.amazonaws.com/images/Golf Punk 12-40.png
Golf Punk 12-41,174,,,,,,blue hat,,https://golf-punks.s3.amazonaws.com/images/Golf Punk 12-41.png
Golf Punk 12-42,175,,,,,,green hat,,https://golf-punks.s3.amazonaws.com/images/Golf Punk 12-42.png
Golf Punk 12-43,176,,,,,,blue hat,,https://golf-punks.s3.amazonaws.com/images/Golf Punk 12-43.png
Golf Punk 12-44,177,,,,,,green hat,,https://golf-punks.s3.amazonaws.com/images/Golf Punk 12-44.png
Golf Punk 12-45,178,,,,,,blue hat,,https://golf-punks.s3.amazonaws.com/images/Golf Punk 12-45.png
Golf Punk 12-46,179,,,,,,blue hat,,https://golf-punks.s3.amazonaws.com/images/Golf Punk 12-46.png
Golf Punk 12-47,180,,,,,,green hat,,https://golf-punks.s3.amazonaws.com/images/Golf Punk 12-47.png
Golf Punk 12-48,181,,,,,,green hat,,https://golf-punks.s3.amazonaws.com/images/Golf Punk 12-48.png
Golf Punk 12-49,182,,,,,,green hat,,https://golf-punks.s3.amazonaws.com/images/Golf Punk 12-49.png
Golf Punk 12-5,183,,,,,,green hat,,https://golf-punks.s3.amazonaws.com/images/Golf Punk 12-5.png
Golf Punk 12-50,184,,,,,,blue hat,,https://golf-punks.s3.amazonaws.com/images/Golf Punk 12-50.png
Golf Punk 12-51,185,,,,,,green hat,,https://golf-punks.s3.amazonaws.com/images/Golf Punk 12-51.png
Golf Punk 12-52,186,,,,,,blue hat,,https://golf-punks.s3.amazonaws.com/images/Golf Punk 12-52.png
Golf Punk 12-53,187,,,,,,blue hat,,https://golf-punks.s3.amazonaws.com/images/Golf Punk 12-53.png
Golf Punk 12-54,188,,,,,,green hat,,https://golf-punks.s3.amazonaws.com/images/Golf Punk 12-54.png
Golf Punk 12-55,189,,,,,,blue hat,,https://golf-punks.s3.amazonaws.com/images/Golf Punk 12-55.png
Golf Punk 12-56,190,,,,,,green hat,,https://golf-punks.s3.amazonaws.com/images/Golf Punk 12-56.png
Golf Punk 12-57,191,,,,,,green hat,,https://golf-punks.s3.amazonaws.com/images/Golf Punk 12-57.png
Golf Punk 12-58,192,,,,,,blue hat,,https://golf-punks.s3.amazonaws.com/images/Golf Punk 12-58.png
Golf Punk 12-59,193,,,,,,blue hat,,https://golf-punks.s3.amazonaws.com/images/Golf Punk 12-59.png
Golf Punk 12-6,194,,,,,,blue hat,,https://golf-punks.s3.amazonaws.com/images/Golf Punk 12-6.png
Golf Punk 12-60,195,,,,,,blue hat,,https://golf-punks.s3.amazonaws.com/images/Golf Punk 12-60.png
Golf Punk 12-61,196,,,,,,blue hat,,https://golf-punks.s3.amazonaws.com/images/Golf Punk 12-61.png
Golf Punk 12-62,197,,,,,,green hat,,https://golf-punks.s3.amazonaws.com/images/Golf Punk 12-62.png
Golf Punk 12-63,198,,,,,,blue hat,,https://golf-punks.s3.amazonaws.com/images/Golf Punk 12-63.png
Golf Punk 12-64,199,,,,,,blue hat,,https://golf-punks.s3.amazonaws.com/images/Golf Punk 12-64.png
Golf Punk 12-65,200,,,,,,blue hat,,https://golf-punks.s3.amazonaws.com/images/Golf Punk 12-65.png
Golf Punk 12-66,201,,,,,,blue hat,,https://golf-punks.s3.amazonaws.com/images/Golf Punk 12-66.png
Golf Punk 12-67,202,,,,,,blue hat,,https://golf-punks.s3.amazonaws.com/images/Golf Punk 12-67.png
Golf Punk 12-7,203,,,,,,blue hat,,https://golf-punks.s3.amazonaws.com/images/Golf Punk 12-7.png
Golf Punk 12-8,204,,,,,,blue hat,,https://golf-punks.s3.amazonaws.com/images/Golf Punk 12-8.png
Golf Punk 12-9,205,,,,,,green hat,,https://golf-punks.s3.amazonaws.com/images/Golf Punk 12-9.png
Golf Punk 12,206,,,,,,green hat,,https://golf-punks.s3.amazonaws.com/images/Golf Punk 12.png
Golf Punk 122-1,207,,,,,,green hat,,https://golf-punks.s3.amazonaws.com/images/Golf Punk 122-1.png
Golf Punk 122-10,208,,,,,,green hat,,https://golf-punks.s3.amazonaws.com/images/Golf Punk 122-10.png
Golf Punk 122-11,209,,,,,,green hat,,https://golf-punks.s3.amazonaws.com/images/Golf Punk 122-11.png
Golf Punk 122-12,210,,,,,,blue hat,,https://golf-punks.s3.amazonaws.com/images/Golf Punk 122-12.png
Golf Punk 122-13,211,,,,,,green hat,,https://golf-punks.s3.amazonaws.com/images/Golf Punk 122-13.png
Golf Punk 122-14,212,,,,,,blue hat,,https://golf-punks.s3.amazonaws.com/images/Golf Punk 122-14.png
Golf Punk 122-2,213,,,,,,green hat,,https://golf-punks.s3.amazonaws.com/images/Golf Punk 122-2.png
Golf Punk 122-3,214,,,,,,blue hat,,https://golf-punks.s3.amazonaws.com/images/Golf Punk 122-3.png
Golf Punk 122-4,215,,,,,,blue hat,,https://golf-punks.s3.amazonaws.com/images/Golf Punk 122-4.png
Golf Punk 122-5,216,,,,,,blue hat,,https://golf-punks.s3.amazonaws.com/images/Golf Punk 122-5.png
Golf Punk 122-6,217,,,,,,blue hat,,https://golf-punks.s3.amazonaws.com/images/Golf Punk 122-6.png
Golf Punk 122-7,218,,,,,,blue hat,,https://golf-punks.s3.amazonaws.com/images/Golf Punk 122-7.png
Golf Punk 122-8,219,,,,,,blue hat,,https://golf-punks.s3.amazonaws.com/images/Golf Punk 122-8.png
Golf Punk 122-9,220,,,,,,green hat,,https://golf-punks.s3.amazonaws.com/images/Golf Punk 122-9.png
Golf Punk 122,221,,,,,,green hat,,https://golf-punks.s3.amazonaws.com/images/Golf Punk 122.png
Golf Punk 125-1,222,,,,,,green hat,,https://golf-punks.s3.amazonaws.com/images/Golf Punk 125-1.png
Golf Punk 125-2,223,,,,,,blue hat,,https://golf-punks.s3.amazonaws.com/images/Golf Punk 125-2.png
Golf Punk 125-3,224,,,,,,blue hat,,https://golf-punks.s3.amazonaws.com/images/Golf Punk 125-3.png
Golf Punk 125-4,225,,,,,,green hat,,https://golf-punks.s3.amazonaws.com/images/Golf Punk 125-4.png
Golf Punk 125-5,226,,,,,,blue hat,,https://golf-punks.s3.amazonaws.com/images/Golf Punk 125-5.png
Golf Punk 125-6,227,,,,,,blue hat,,https://golf-punks.s3.amazonaws.com/images/Golf Punk 125-6.png
Golf Punk 125-7,228,,,,,,blue hat,,https://golf-punks.s3.amazonaws.com/images/Golf Punk 125-7.png
Golf Punk 125,229,,,,,,green hat,,https://golf-punks.s3.amazonaws.com/images/Golf Punk 125.png
Golf Punk 129,230,,,,,,green hat,,https://golf-punks.s3.amazonaws.com/images/Golf Punk 129.png
Golf Punk 13-1,231,,,,,,green hat,,https://golf-punks.s3.amazonaws.com/images/Golf Punk 13-1.png
Golf Punk 13-2,232,,,,,,blue hat,,https://golf-punks.s3.amazonaws.com/images/Golf Punk 13-2.png
Golf Punk 13-3,233,,,,,,green hat,,https://golf-punks.s3.amazonaws.com/images/Golf Punk 13-3.png
Golf Punk 13-4,234,,,,,,blue hat,,https://golf-punks.s3.amazonaws.com/images/Golf Punk 13-4.png
Golf Punk 13-5,235,,,,,,green hat,,https://golf-punks.s3.amazonaws.com/images/Golf Punk 13-5.png
Golf Punk 13-6,236,,,,,,green hat,,https://golf-punks.s3.amazonaws.com/images/Golf Punk 13-6.png
Golf Punk 13-7,237,,,,,,blue hat,,https://golf-punks.s3.amazonaws.com/images/Golf Punk 13-7.png
Golf Punk 13-8,238,,,,,,green hat,,https://golf-punks.s3.amazonaws.com/images/Golf Punk 13-8.png
Golf Punk 13,239,,,,,,green hat,,https://golf-punks.s3.amazonaws.com/images/Golf Punk 13.png
Golf Punk 14-1,240,,,,,,blue hat,,https://golf-punks.s3.amazonaws.com/images/Golf Punk 14-1.png
Golf Punk 14,241,,,,,,blue hat,,https://golf-punks.s3.amazonaws.com/images/Golf Punk 14.png
Golf Punk 143,242,,,,,,green hat,,https://golf-punks.s3.amazonaws.com/images/Golf Punk 143.png
Golf Punk 2-1,243,,,,,,blue hat,,https://golf-punks.s3.amazonaws.com/images/Golf Punk 2-1.png
Golf Punk 2-10,244,,,,,,blue hat,,https://golf-punks.s3.amazonaws.com/images/Golf Punk 2-10.png
Golf Punk 2-11,245,,,,,,blue hat,,https://golf-punks.s3.amazonaws.com/images/Golf Punk 2-11.png
Golf Punk 2-12,246,,,,,,green hat,,https://golf-punks.s3.amazonaws.com/images/Golf Punk 2-12.png
Golf Punk 2-13,247,,,,,,blue hat,,https://golf-punks.s3.amazonaws.com/images/Golf Punk 2-13.png
Golf Punk 2-14,248,,,,,,green hat,,https://golf-punks.s3.amazonaws.com/images/Golf Punk 2-14.png
Golf Punk 2-15,249,,,,,,blue hat,,https://golf-punks.s3.amazonaws.com/images/Golf Punk 2-15.png
Golf Punk 2-16,250,,,,,,blue hat,,https://golf-punks.s3.amazonaws.com/images/Golf Punk 2-16.png
Golf Punk 2-17,251,,,,,,blue hat,,https://golf-punks.s3.amazonaws.com/images/Golf Punk 2-17.png
Golf Punk 2-18,252,,,,,,blue hat,,https://golf-punks.s3.amazonaws.com/images/Golf Punk 2-18.png
Golf Punk 2-19,253,,,,,,blue hat,,https://golf-punks.s3.amazonaws.com/images/Golf Punk 2-19.png
Golf Punk 2-2,254,,,,,,green hat,,https://golf-punks.s3.amazonaws.com/images/Golf Punk 2-2.png
Golf Punk 2-20,255,,,,,,green hat,,https://golf-punks.s3.amazonaws.com/images/Golf Punk 2-20.png
Golf Punk 2-21,256,,,,,,blue hat,,https://golf-punks.s3.amazonaws.com/images/Golf Punk 2-21.png
Golf Punk 2-22,257,,,,,,green hat,,https://golf-punks.s3.amazonaws.com/images/Golf Punk 2-22.png
Golf Punk 2-23,258,,,,,,blue hat,,https://golf-punks.s3.amazonaws.com/images/Golf Punk 2-23.png
Golf Punk 2-24,259,,,,,,blue hat,,https://golf-punks.s3.amazonaws.com/images/Golf Punk 2-24.png
Golf Punk 2-25,260,,,,,,green hat,,https://golf-punks.s3.amazonaws.com/images/Golf Punk 2-25.png
Golf Punk 2-26,261,,,,,,green hat,,https://golf-punks.s3.amazonaws.com/images/Golf Punk 2-26.png
Golf Punk 2-27,262,,,,,,blue hat,,https://golf-punks.s3.amazonaws.com/images/Golf Punk 2-27.png
Golf Punk 2-28,263,,,,,,blue hat,,https://golf-punks.s3.amazonaws.com/images/Golf Punk 2-28.png
Golf Punk 2-29,264,,,,,,green hat,,https://golf-punks.s3.amazonaws.com/images/Golf Punk 2-29.png
Golf Punk 2-3,265,,,,,,green hat,,https://golf-punks.s3.amazonaws.com/images/Golf Punk 2-3.png
Golf Punk 2-30,266,,,,,,blue hat,,https://golf-punks.s3.amazonaws.com/images/Golf Punk 2-30.png
Golf Punk 2-31,267,,,,,,green hat,,https://golf-punks.s3.amazonaws.com/images/Golf Punk 2-31.png
Golf Punk 2-32,268,,,,,,blue hat,,https://golf-punks.s3.amazonaws.com/images/Golf Punk 2-32.png
Golf Punk 2-33,269,,,,,,green hat,,https://golf-punks.s3.amazonaws.com/images/Golf Punk 2-33.png
Golf Punk 2-34,270,,,,,,blue hat,,https://golf-punks.s3.amazonaws.com/images/Golf Punk 2-34.png
Golf Punk 2-35,271,,,,,,blue hat,,https://golf-punks.s3.amazonaws.com/images/Golf Punk 2-35.png
Golf Punk 2-36,272,,,,,,green hat,,https://golf-punks.s3.amazonaws.com/images/Golf Punk 2-36.png
Golf Punk 2-37,273,,,,,,blue hat,,https://golf-punks.s3.amazonaws.com/images/Golf Punk 2-37.png
Golf Punk 2-38,274,,,,,,blue hat,,https://golf-punks.s3.amazonaws.com/images/Golf Punk 2-38.png
Golf Punk 2-39,275,,,,,,green hat,,https://golf-punks.s3.amazonaws.com/images/Golf Punk 2-39.png
Golf Punk 2-4,276,,,,,,blue hat,,https://golf-punks.s3.amazonaws.com/images/Golf Punk 2-4.png
Golf Punk 2-40,277,,,,,,green hat,,https://golf-punks.s3.amazonaws.com/images/Golf Punk 2-40.png
Golf Punk 2-41,278,,,,,,green hat,,https://golf-punks.s3.amazonaws.com/images/Golf Punk 2-41.png
Golf Punk 2-42,279,,,,,,green hat,,https://golf-punks.s3.amazonaws.com/images/Golf Punk 2-42.png
Golf Punk 2-43,280,,,,,,blue hat,,https://golf-punks.s3.amazonaws.com/images/Golf Punk 2-43.png
Golf Punk 2-44,281,,,,,,green hat,,https://golf-punks.s3.amazonaws.com/images/Golf Punk 2-44.png
Golf Punk 2-45,282,,,,,,green hat,,https://golf-punks.s3.amazonaws.com/images/Golf Punk 2-45.png
Golf Punk 2-46,283,,,,,,blue hat,,https://golf-punks.s3.amazonaws.com/images/Golf Punk 2-46.png
Golf Punk 2-47,284,,,,,,green hat,,https://golf-punks.s3.amazonaws.com/images/Golf Punk 2-47.png
Golf Punk 2-48,285,,,,,,green hat,,https://golf-punks.s3.amazonaws.com/images/Golf Punk 2-48.png
Golf Punk 2-49,286,,,,,,green hat,,https://golf-punks.s3.amazonaws.com/images/Golf Punk 2-49.png
Golf Punk 2-5,287,,,,,,green hat,,https://golf-punks.s3.amazonaws.com/images/Golf Punk 2-5.png
Golf Punk 2-50,288,,,,,,blue hat,,https://golf-punks.s3.amazonaws.com/images/Golf Punk 2-50.png
Golf Punk 2-51,289,,,,,,blue hat,,https://golf-punks.s3.amazonaws.com/images/Golf Punk 2-51.png
Golf Punk 2-52,290,,,,,,green hat,,https://golf-punks.s3.amazonaws.com/images/Golf Punk 2-52.png
Golf Punk 2-53,291,,,,,,green hat,,https://golf-punks.s3.amazonaws.com/images/Golf Punk 2-53.png
Golf Punk 2-54,292,,,,,,green hat,,https://golf-punks.s3.amazonaws.com/images/Golf Punk 2-54.png
Golf Punk 2-55,293,,,,,,green hat,,https://golf-punks.s3.amazonaws.com/images/Golf Punk 2-55.png
Golf Punk 2-56,294,,,,,,blue hat,,https://golf-punks.s3.amazonaws.com/images/Golf Punk 2-56.png
Golf Punk 2-57,295,,,,,,blue hat,,https://golf-punks.s3.amazonaws.com/images/Golf Punk 2-57.png
Golf Punk 2-58,296,,,,,,blue hat,,https://golf-punks.s3.amazonaws.com/images/Golf Punk 2-58.png
Golf Punk 2-59,297,,,,,,green hat,,https://golf-punks.s3.amazonaws.com/images/Golf Punk 2-59.png
Golf Punk 2-6,298,,,,,,green hat,,https://golf-punks.s3.amazonaws.com/images/Golf Punk 2-6.png
Golf Punk 2-7,299,,,,,,green hat,,https://golf-punks.s3.amazonaws.com/images/Golf Punk 2-7.png
Golf Punk 2-8,300,,,,,,blue hat,,https://golf-punks.s3.amazonaws.com/images/Golf Punk 2-8.png
Golf Punk 2-9,301,,,,,,blue hat,,https://golf-punks.s3.amazonaws.com/images/Golf Punk 2-9.png
Golf Punk 2,302,,,,,,blue hat,,https://golf-punks.s3.amazonaws.com/images/Golf Punk 2.png
Golf Punk 2002,303,,,,,,blue hat,,https://golf-punks.s3.amazonaws.com/images/Golf Punk 2002.png
Golf Punk 2012,304,,,,,,blue hat,,https://golf-punks.s3.amazonaws.com/images/Golf Punk 2012.png
Golf Punk 21,305,,,,,,green hat,,https://golf-punks.s3.amazonaws.com/images/Golf Punk 21.png
Golf Punk 22-1,306,,,,,,green hat,,https://golf-punks.s3.amazonaws.com/images/Golf Punk 22-1.png
Golf Punk 22-2,307,,,,,,blue hat,,https://golf-punks.s3.amazonaws.com/images/Golf Punk 22-2.png
Golf Punk 22-3,308,,,,,,blue hat,,https://golf-punks.s3.amazonaws.com/images/Golf Punk 22-3.png
Golf Punk 22,309,,,,,,green hat,,https://golf-punks.s3.amazonaws.com/images/Golf Punk 22.png
Golf Punk 223,310,,,,,,green hat,,https://golf-punks.s3.amazonaws.com/images/Golf Punk 223.png
Golf Punk 265,311,,,,,,green hat,,https://golf-punks.s3.amazonaws.com/images/Golf Punk 265.png
Golf Punk 270,312,,,,,,green hat,,https://golf-punks.s3.amazonaws.com/images/Golf Punk 270.png
Golf Punk 282,313,,,,,,green hat,,https://golf-punks.s3.amazonaws.com/images/Golf Punk 282.png
Golf Punk 3-1,314,,,,,,blue hat,,https://golf-punks.s3.amazonaws.com/images/Golf Punk 3-1.png
Golf Punk 3-10,315,,,,,,green hat,,https://golf-punks.s3.amazonaws.com/images/Golf Punk 3-10.png
Golf Punk 3-11,316,,,,,,green hat,,https://golf-punks.s3.amazonaws.com/images/Golf Punk 3-11.png
Golf Punk 3-12,317,,,,,,green hat,,https://golf-punks.s3.amazonaws.com/images/Golf Punk 3-12.png
Golf Punk 3-13,318,,,,,,green hat,,https://golf-punks.s3.amazonaws.com/images/Golf Punk 3-13.png
Golf Punk 3-14,319,,,,,,blue hat,,https://golf-punks.s3.amazonaws.com/images/Golf Punk 3-14.png
Golf Punk 3-15,320,,,,,,green hat,,https://golf-punks.s3.amazonaws.com/images/Golf Punk 3-15.png
Golf Punk 3-16,321,,,,,,green hat,,https://golf-punks.s3.amazonaws.com/images/Golf Punk 3-16.png
Golf Punk 3-17,322,,,,,,blue hat,,https://golf-punks.s3.amazonaws.com/images/Golf Punk 3-17.png
Golf Punk 3-18,323,,,,,,green hat,,https://golf-punks.s3.amazonaws.com/images/Golf Punk 3-18.png
Golf Punk 3-19,324,,,,,,green hat,,https://golf-punks.s3.amazonaws.com/images/Golf Punk 3-19.png
Golf Punk 3-2,325,,,,,,blue hat,,https://golf-punks.s3.amazonaws.com/images/Golf Punk 3-2.png
Golf Punk 3-20,326,,,,,,green hat,,https://golf-punks.s3.amazonaws.com/images/Golf Punk 3-20.png
Golf Punk 3-21,327,,,,,,blue hat,,https://golf-punks.s3.amazonaws.com/images/Golf Punk 3-21.png
Golf Punk 3-22,328,,,,,,blue hat,,https://golf-punks.s3.amazonaws.com/images/Golf Punk 3-22.png
Golf Punk 3-23,329,,,,,,blue hat,,https://golf-punks.s3.amazonaws.com/images/Golf Punk 3-23.png
Golf Punk 3-24,330,,,,,,green hat,,https://golf-punks.s3.amazonaws.com/images/Golf Punk 3-24.png
Golf Punk 3-25,331,,,,,,green hat,,https://golf-punks.s3.amazonaws.com/images/Golf Punk 3-25.png
Golf Punk 3-26,332,,,,,,green hat,,https://golf-punks.s3.amazonaws.com/images/Golf Punk 3-26.png
Golf Punk 3-27,333,,,,,,green hat,,https://golf-punks.s3.amazonaws.com/images/Golf Punk 3-27.png
Golf Punk 3-28,334,,,,,,blue hat,,https://golf-punks.s3.amazonaws.com/images/Golf Punk 3-28.png
Golf Punk 3-29,335,,,,,,green hat,,https://golf-punks.s3.amazonaws.com/images/Golf Punk 3-29.png
Golf Punk 3-3,336,,,,,,green hat,,https://golf-punks.s3.amazonaws.com/images/Golf Punk 3-3.png
Golf Punk 3-30,337,,,,,,blue hat,,https://golf-punks.s3.amazonaws.com/images/Golf Punk 3-30.png
Golf Punk 3-31,338,,,,,,green hat,,https://golf-punks.s3.amazonaws.com/images/Golf Punk 3-31.png
Golf Punk 3-32,339,,,,,,blue hat,,https://golf-punks.s3.amazonaws.com/images/Golf Punk 3-32.png
Golf Punk 3-33,340,,,,,,green hat,,https://golf-punks.s3.amazonaws.com/images/Golf Punk 3-33.png
Golf Punk 3-34,341,,,,,,blue hat,,https://golf-punks.s3.amazonaws.com/images/Golf Punk 3-34.png
Golf Punk 3-35,342,,,,,,green hat,,https://golf-punks.s3.amazonaws.com/images/Golf Punk 3-35.png
Golf Punk 3-36,343,,,,,,blue hat,,https://golf-punks.s3.amazonaws.com/images/Golf Punk 3-36.png
Golf Punk 3-37,344,,,,,,blue hat,,https://golf-punks.s3.amazonaws.com/images/Golf Punk 3-37.png
Golf Punk 3-38,345,,,,,,green hat,,https://golf-punks.s3.amazonaws.com/images/Golf Punk 3-38.png
Golf Punk 3-39,346,,,,,,green hat,,https://golf-punks.s3.amazonaws.com/images/Golf Punk 3-39.png
Golf Punk 3-4,347,,,,,,green hat,,https://golf-punks.s3.amazonaws.com/images/Golf Punk 3-4.png
Golf Punk 3-40,348,,,,,,blue hat,,https://golf-punks.s3.amazonaws.com/images/Golf Punk 3-40.png
Golf Punk 3-41,349,,,,,,blue hat,,https://golf-punks.s3.amazonaws.com/images/Golf Punk 3-41.png
Golf Punk 3-42,350,,,,,,blue hat,,https://golf-punks.s3.amazonaws.com/images/Golf Punk 3-42.png
Golf Punk 3-43,351,,,,,,green hat,,https://golf-punks.s3.amazonaws.com/images/Golf Punk 3-43.png
Golf Punk 3-44,352,,,,,,blue hat,,https://golf-punks.s3.amazonaws.com/images/Golf Punk 3-44.png
Golf Punk 3-45,353,,,,,,blue hat,,https://golf-punks.s3.amazonaws.com/images/Golf Punk 3-45.png
Golf Punk 3-46,354,,,,,,blue hat,,https://golf-punks.s3.amazonaws.com/images/Golf Punk 3-46.png
Golf Punk 3-47,355,,,,,,blue hat,,https://golf-punks.s3.amazonaws.com/images/Golf Punk 3-47.png
Golf Punk 3-48,356,,,,,,green hat,,https://golf-punks.s3.amazonaws.com/images/Golf Punk 3-48.png
Golf Punk 3-49,357,,,,,,blue hat,,https://golf-punks.s3.amazonaws.com/images/Golf Punk 3-49.png
Golf Punk 3-5,358,,,,,,green hat,,https://golf-punks.s3.amazonaws.com/images/Golf Punk 3-5.png
Golf Punk 3-50,359,,,,,,green hat,,https://golf-punks.s3.amazonaws.com/images/Golf Punk 3-50.png
Golf Punk 3-51,360,,,,,,blue hat,,https://golf-punks.s3.amazonaws.com/images/Golf Punk 3-51.png
Golf Punk 3-52,361,,,,,,blue hat,,https://golf-punks.s3.amazonaws.com/images/Golf Punk 3-52.png
Golf Punk 3-53,362,,,,,,green hat,,https://golf-punks.s3.amazonaws.com/images/Golf Punk 3-53.png
Golf Punk 3-54,363,,,,,,green hat,,https://golf-punks.s3.amazonaws.com/images/Golf Punk 3-54.png
Golf Punk 3-55,364,,,,,,green hat,,https://golf-punks.s3.amazonaws.com/images/Golf Punk 3-55.png
Golf Punk 3-56,365,,,,,,green hat,,https://golf-punks.s3.amazonaws.com/images/Golf Punk 3-56.png
Golf Punk 3-57,366,,,,,,blue hat,,https://golf-punks.s3.amazonaws.com/images/Golf Punk 3-57.png
Golf Punk 3-58,367,,,,,,blue hat,,https://golf-punks.s3.amazonaws.com/images/Golf Punk 3-58.png
Golf Punk 3-59,368,,,,,,green hat,,https://golf-punks.s3.amazonaws.com/images/Golf Punk 3-59.png
Golf Punk 3-6,369,,,,,,blue hat,,https://golf-punks.s3.amazonaws.com/images/Golf Punk 3-6.png
Golf Punk 3-60,370,,,,,,blue hat,,https://golf-punks.s3.amazonaws.com/images/Golf Punk 3-60.png
Golf Punk 3-61,371,,,,,,blue hat,,https://golf-punks.s3.amazonaws.com/images/Golf Punk 3-61.png
Golf Punk 3-62,372,,,,,,green hat,,https://golf-punks.s3.amazonaws.com/images/Golf Punk 3-62.png
Golf Punk 3-63,373,,,,,,green hat,,https://golf-punks.s3.amazonaws.com/images/Golf Punk 3-63.png
Golf Punk 3-64,374,,,,,,blue hat,,https://golf-punks.s3.amazonaws.com/images/Golf Punk 3-64.png
Golf Punk 3-65,375,,,,,,blue hat,,https://golf-punks.s3.amazonaws.com/images/Golf Punk 3-65.png
Golf Punk 3-66,376,,,,,,green hat,,https://golf-punks.s3.amazonaws.com/images/Golf Punk 3-66.png
Golf Punk 3-67,377,,,,,,green hat,,https://golf-punks.s3.amazonaws.com/images/Golf Punk 3-67.png
Golf Punk 3-68,378,,,,,,blue hat,,https://golf-punks.s3.amazonaws.com/images/Golf Punk 3-68.png
Golf Punk 3-69,379,,,,,,green hat,,https://golf-punks.s3.amazonaws.com/images/Golf Punk 3-69.png
Golf Punk 3-7,380,,,,,,green hat,,https://golf-punks.s3.amazonaws.com/images/Golf Punk 3-7.png
Golf Punk 3-70,381,,,,,,blue hat,,https://golf-punks.s3.amazonaws.com/images/Golf Punk 3-70.png
Golf Punk 3-71,382,,,,,,green hat,,https://golf-punks.s3.amazonaws.com/images/Golf Punk 3-71.png
Golf Punk 3-72,383,,,,,,green hat,,https://golf-punks.s3.amazonaws.com/images/Golf Punk 3-72.png
Golf Punk 3-73,384,,,,,,green hat,,https://golf-punks.s3.amazonaws.com/images/Golf Punk 3-73.png
Golf Punk 3-74,385,,,,,,blue hat,,https://golf-punks.s3.amazonaws.com/images/Golf Punk 3-74.png
Golf Punk 3-75,386,,,,,,green hat,,https://golf-punks.s3.amazonaws.com/images/Golf Punk 3-75.png
Golf Punk 3-76,387,,,,,,blue hat,,https://golf-punks.s3.amazonaws.com/images/Golf Punk 3-76.png
Golf Punk 3-77,388,,,,,,green hat,,https://golf-punks.s3.amazonaws.com/images/Golf Punk 3-77.png
Golf Punk 3-78,389,,,,,,green hat,,https://golf-punks.s3.amazonaws.com/images/Golf Punk 3-78.png
Golf Punk 3-79,390,,,,,,blue hat,,https://golf-punks.s3.amazonaws.com/images/Golf Punk 3-79.png
Golf Punk 3-8,391,,,,,,green hat,,https://golf-punks.s3.amazonaws.com/images/Golf Punk 3-8.png
Golf Punk 3-80,392,,,,,,blue hat,,https://golf-punks.s3.amazonaws.com/images/Golf Punk 3-80.png
Golf Punk 3-81,393,,,,,,blue hat,,https://golf-punks.s3.amazonaws.com/images/Golf Punk 3-81.png
Golf Punk 3-82,394,,,,,,green hat,,https://golf-punks.s3.amazonaws.com/images/Golf Punk 3-82.png
Golf Punk 3-83,395,,,,,,blue hat,,https://golf-punks.s3.amazonaws.com/images/Golf Punk 3-83.png
Golf Punk 3-84,396,,,,,,blue hat,,https://golf-punks.s3.amazonaws.com/images/Golf Punk 3-84.png
Golf Punk 3-85,397,,,,,,blue hat,,https://golf-punks.s3.amazonaws.com/images/Golf Punk 3-85.png
Golf Punk 3-9,398,,,,,,green hat,,https://golf-punks.s3.amazonaws.com/images/Golf Punk 3-9.png
Golf Punk 3,399,,,,,,blue hat,,https://golf-punks.s3.amazonaws.com/images/Golf Punk 3.png
Golf Punk 303,400,,,,,,green hat,,https://golf-punks.s3.amazonaws.com/images/Golf Punk 303.png
Golf Punk 327,401,,,,,,blue hat,,https://golf-punks.s3.amazonaws.com/images/Golf Punk 327.png
Golf Punk 328,402,,,,,,blue hat,,https://golf-punks.s3.amazonaws.com/images/Golf Punk 328.png
Golf Punk 343,403,,,,,,blue hat,,https://golf-punks.s3.amazonaws.com/images/Golf Punk 343.png
Golf Punk 344,404,,,,,,blue hat,,https://golf-punks.s3.amazonaws.com/images/Golf Punk 344.png
Golf Punk 347,405,,,,,,blue hat,,https://golf-punks.s3.amazonaws.com/images/Golf Punk 347.png
Golf Punk 517,406,,,,,,blue hat,,https://golf-punks.s3.amazonaws.com/images/Golf Punk 517.png
Golf Punk 532,407,,,,,,green hat,,https://golf-punks.s3.amazonaws.com/images/Golf Punk 532.png
Golf Punk 601-1,408,,,,,,blue hat,,https://golf-punks.s3.amazonaws.com/images/Golf Punk 601-1.png
Golf Punk 601-2,409,,,,,,green hat,,https://golf-punks.s3.amazonaws.com/images/Golf Punk 601-2.png
Golf Punk 601,410,,,,,,green hat,,https://golf-punks.s3.amazonaws.com/images/Golf Punk 601.png
Golf Punk 605,411,,,,,,blue hat,,https://golf-punks.s3.amazonaws.com/images/Golf Punk 605.png
Golf Punk 610,412,,,,,,green hat,,https://golf-punks.s3.amazonaws.com/images/Golf Punk 610.png
Golf Punk 96,413,,,,,,blue hat,,https://golf-punks.s3.amazonaws.com/images/Golf Punk 96.png
Golf Punk alex albon,414,,,,,,green hat,,https://golf-punks.s3.amazonaws.com/images/Golf Punk alex albon .png
Golf Punk alex albon-1,415,,,,,,blue hat,,https://golf-punks.s3.amazonaws.com/images/Golf Punk alex albon-1.png
Golf Punk alex albon-2,416,,,,,,blue hat,,https://golf-punks.s3.amazonaws.com/images/Golf Punk alex albon-2.png
Golf Punk brandon lee 4,417,,,,,,green hat,,https://golf-punks.s3.amazonaws.com/images/Golf Punk brandon lee 4.png
Golf Punk frankie delgado,418,,,,,,blue hat,,https://golf-punks.s3.amazonaws.com/images/Golf Punk frankie delgado .png
Golf Punk gabe,419,,,,,,blue hat,,https://golf-punks.s3.amazonaws.com/images/Golf Punk gabe .png
Golf Punk george russel-1,420,,,,,,blue hat,,https://golf-punks.s3.amazonaws.com/images/Golf Punk george russel -1.png
Golf Punk george russel,421,,,,,,blue hat,,https://golf-punks.s3.amazonaws.com/images/Golf Punk george russel .png
Golf Punk michelle wie,422,,,,,,green hat,,https://golf-punks.s3.amazonaws.com/images/Golf Punk michelle wie .png
Golf Punk rick salomon,423,,,,,,blue hat,,https://golf-punks.s3.amazonaws.com/images/Golf Punk rick salomon .png
Golf Punk school boy Q,424,,,,,,blue hat,,https://golf-punks.s3.amazonaws.com/images/Golf Punk school boy Q.png
Golf Punk steph-1,425,,,,,,blue hat,,https://golf-punks.s3.amazonaws.com/images/Golf Punk steph -1.png
Golf Punk steph,426,,,,,,blue hat,,https://golf-punks.s3.amazonaws.com/images/Golf Punk steph .png
Golf Punk,427,,,,,,green hat,,https://golf-punks.s3.amazonaws.com/images/Golf Punk.png